0,1,2,3,4,5,6,7,8,class
8.32,214.37,22018.42,8.06,356.89,363.27,18.44,100.34,4.63,0
9.09,181.10,17978.99,6.55,310.14,398.41,11.56,32.00,4.08,0
5.58,188.31,28748.69,7.54,326.68,280.47,8.40,54.92,2.56,0
10.22,248.07,28749.72,7.51,393.66,283.65,13.79,84.60,2.67,0
8.64,203.36,13672.09,4.56,303.31,474.61,12.36,62.80,4.40,0
11.18,227.23,25484.51,9.08,404.04,563.89,17.93,71.98,4.37,0
7.36,165.52,32452.61,7.55,326.62,425.38,15.59,78.74,3.66,0
7.12,156.70,18730.81,3.61,282.34,347.72,15.93,79.50,3.45,0
6.35,186.73,41065.23,9.63,364.49,516.74,11.54,75.07,4.38,0
9.02,128.10,19859.68,8.02,300.15,451.14,14.77,73.78,3.99,1
6.80,242.01,39143.40,9.50,187.17,376.46,11.43,73.78,3.85,1
7.17,203.41,20401.10,7.68,287.09,315.55,14.53,74.41,3.94,1
7.66,236.96,14245.79,6.29,373.17,416.62,10.46,85.85,2.44,1
8.32,207.25,28049.65,8.83,297.81,358.73,18.71,60.91,4.05,1
9.80,98.77,27357.46,9.22,323.20,512.43,14.17,59.45,2.76,1
6.10,215.27,15976.93,8.86,308.48,417.84,13.15,62.51,3.54,1
5.00,280.08,26849.19,6.13,374.23,297.61,15.57,70.56,3.40,1
4.82,217.69,16392.14,7.46,278.74,481.48,15.52,77.69,4.38,1
6.55,278.59,25508.39,6.75,366.87,497.32,16.56,79.32,3.61,1
6.62,233.66,19598.86,4.70,432.56,401.67,11.77,73.19,4.44,1
7.79,212.69,29879.06,7.00,360.67,359.57,14.83,83.86,3.37,1
5.19,211.09,14866.10,7.24,323.11,388.72,17.78,83.51,3.86,1
6.87,251.29,21728.82,8.80,279.78,539.47,12.99,56.41,4.73,1
9.06,155.36,15737.47,7.25,343.23,463.39,17.85,83.18,3.65,1
7.29,127.54,27784.05,9.75,247.34,439.65,17.29,59.56,5.33,1
7.28,175.22,22644.77,7.89,293.31,373.35,17.41,56.80,5.06,1
6.51,229.26,22475.05,12.58,192.03,479.50,9.98,66.67,4.61,1
8.07,174.12,21366.28,7.49,315.18,497.02,11.42,46.21,3.76,1
9.16,186.67,15797.03,8.15,333.81,425.75,12.18,112.62,4.53,1
8.85,188.92,32033.33,13.13,182.40,479.79,12.07,77.67,4.01,1
9.50,185.88,18088.35,7.53,388.77,409.45,12.40,63.36,4.17,1
8.05,198.99,9025.08,7.22,338.40,328.43,9.14,42.75,3.63,1
6.43,188.98,11965.40,7.57,365.45,502.99,13.87,96.82,3.73,1
7.76,213.05,25259.78,7.64,363.68,543.53,15.25,107.19,4.17,1
5.12,225.66,30914.11,6.21,371.65,356.86,8.07,77.39,3.94,1
7.48,218.26,12088.42,4.87,407.30,518.38,17.12,56.71,4.26,1
7.06,140.61,17941.81,6.28,376.05,402.59,12.44,29.47,3.40,1
6.88,190.84,21979.03,5.63,363.83,349.19,9.55,68.41,4.55,1
4.81,250.18,11465.58,4.36,398.16,607.03,18.21,62.51,3.02,1
4.79,234.89,28174.62,10.85,187.42,444.85,11.78,89.01,2.90,1
6.51,240.29,29534.69,6.78,341.73,265.25,13.57,93.17,4.50,1
5.63,226.83,28334.49,8.01,293.92,351.16,15.02,35.18,5.05,1
5.97,194.80,17350.06,4.47,404.61,406.81,11.54,48.17,4.18,1
6.32,180.97,36278.72,9.96,275.59,307.69,18.20,93.59,2.65,1
5.99,224.61,29983.12,7.38,329.73,604.63,17.74,65.12,4.84,1
10.27,163.62,18894.85,10.07,269.65,446.45,11.86,82.45,3.18,1
8.91,202.46,33653.76,5.43,330.83,426.19,18.76,79.37,4.64,1
5.90,198.31,21148.24,9.12,326.25,312.39,13.04,74.31,4.90,1
9.51,215.73,16553.56,7.55,321.78,453.92,9.64,57.87,2.65,1
8.84,229.96,7839.32,10.51,278.43,370.09,15.79,77.17,4.58,1
9.24,212.57,14829.62,7.17,324.13,575.42,16.58,66.89,3.47,1
7.07,213.62,20038.80,7.60,290.06,605.31,8.71,58.41,4.29,1
7.12,193.71,18463.88,4.92,319.06,369.53,14.84,54.44,3.74,1
8.24,199.59,25046.80,9.29,350.84,328.36,18.74,54.42,3.09,1
6.16,202.76,12229.65,11.52,324.05,344.37,14.69,47.80,4.00,1
7.06,211.09,11300.24,8.87,299.94,353.51,16.90,67.58,3.96,1
7.48,186.07,13781.78,4.65,377.34,323.77,11.69,66.29,4.04,1
8.08,185.93,28407.66,7.61,381.76,402.66,12.83,86.98,3.37,1
7.70,192.14,18126.03,9.15,364.19,646.73,14.38,90.53,4.38,1
6.75,207.25,23642.99,7.69,293.78,446.70,6.00,30.90,2.78,1
6.32,185.99,23234.79,5.89,347.24,401.30,13.26,60.47,3.58,1
8.58,186.60,20590.71,3.92,366.13,384.31,10.00,66.69,3.39,1
9.89,220.64,19892.39,7.99,326.08,460.81,14.93,59.60,3.75,1
8.39,215.30,27032.14,6.55,282.86,443.45,12.84,46.37,4.15,1
7.58,193.29,21675.68,9.82,381.93,414.81,16.11,92.61,4.83,1
9.85,208.74,35289.24,8.35,337.21,462.48,10.11,50.89,4.52,1
9.66,233.49,13213.58,10.15,293.07,326.78,10.44,62.46,4.74,1
7.94,207.02,19657.84,8.60,312.34,358.85,21.23,63.77,3.62,1
6.92,207.82,16689.80,10.03,286.41,481.96,9.77,78.30,3.27,1
10.54,200.14,13867.24,7.37,409.45,340.81,17.07,72.73,3.82,1
5.73,162.86,34573.68,5.65,415.29,297.63,13.99,76.74,3.56,1
5.34,178.64,37993.18,9.77,343.26,465.07,14.83,65.33,3.92,1
6.77,177.17,34596.00,2.87,369.53,389.52,17.27,64.87,3.66,1
6.85,195.45,15908.64,6.24,319.26,404.20,18.94,75.39,3.73,1
8.59,233.73,7263.06,6.95,268.97,258.88,8.99,41.93,4.04,1
7.59,199.26,25383.77,7.92,318.61,416.45,20.12,48.27,4.52,1
8.14,203.86,24172.70,6.84,305.83,470.84,19.23,30.71,5.00,1
5.35,150.50,27795.73,5.46,445.94,422.42,16.14,78.37,4.78,1
8.00,241.00,9609.74,9.84,229.58,428.88,14.99,39.84,2.63,1
11.90,228.13,8296.55,9.90,346.65,500.17,15.49,63.53,3.02,1
7.44,180.86,18223.03,8.58,405.32,564.79,14.77,57.76,2.19,1
5.14,209.36,21407.61,4.42,230.56,378.90,2.20,86.74,4.19,1
9.62,182.91,30307.22,5.66,422.45,573.33,17.70,45.91,3.98,1
5.36,171.32,24709.73,4.18,366.81,490.66,15.12,33.12,1.81,1
6.38,182.12,33046.73,5.35,362.35,350.24,7.59,66.23,5.40,1
3.94,163.17,25911.32,4.14,371.97,487.99,17.75,63.61,3.48,1
6.92,210.86,29263.55,6.01,252.23,392.36,12.89,77.08,4.60,1
9.15,226.09,6787.48,9.24,319.03,459.57,14.11,80.57,3.21,1
10.27,225.07,14694.42,6.72,300.76,353.63,13.55,64.01,5.20,1
7.37,213.20,18452.02,8.29,294.34,496.27,10.55,94.84,3.81,1
9.39,215.05,20592.26,10.09,331.34,447.07,10.78,54.43,4.67,1
7.30,197.65,22535.09,9.29,323.45,353.06,6.04,82.54,4.68,1
8.90,211.31,9592.15,8.86,348.44,333.78,18.27,68.33,4.52,1
8.11,228.17,18364.83,6.19,246.94,369.90,14.61,101.35,4.69,1
7.80,216.67,14160.69,6.06,281.36,468.21,15.15,62.86,4.08,1
4.67,171.29,35680.07,4.89,314.61,501.90,14.21,56.91,4.56,1
10.91,207.00,16099.15,8.19,369.68,575.31,17.56,80.75,3.72,1
4.74,162.25,27215.90,2.86,372.82,437.22,15.13,65.09,2.94,1
9.87,223.77,29549.66,7.72,281.12,356.18,14.20,84.01,4.74,1
5.83,191.00,25863.34,4.82,316.03,370.36,18.36,48.66,3.18,1
0.99,133.22,16922.85,9.29,444.38,322.29,10.43,43.58,5.16,1
9.49,218.74,15357.83,8.53,315.83,429.62,15.62,64.83,3.22,1
6.44,214.72,9363.85,10.00,273.46,508.35,12.93,71.43,4.93,1
6.37,205.06,7040.74,11.30,325.33,371.58,16.35,74.31,5.13,1
5.45,199.23,14446.81,7.69,298.32,469.13,14.02,95.31,5.19,1
5.43,177.83,31421.73,4.58,347.10,490.28,16.07,58.42,2.87,1
5.23,177.32,28398.55,6.29,336.29,328.39,18.46,62.08,2.26,0
4.59,185.63,27981.09,6.76,354.79,380.72,13.98,74.58,4.92,0
6.40,172.30,15936.25,4.94,340.39,435.41,11.08,58.37,4.56,0
6.90,164.72,20442.62,5.16,341.54,468.42,10.36,65.69,4.05,0
7.89,228.49,15824.79,8.39,314.84,423.66,17.63,56.42,3.63,0
6.49,234.91,18607.21,8.62,302.13,442.10,14.12,65.64,4.38,0
6.68,193.84,34157.18,9.88,344.54,498.06,8.82,66.66,4.03,0
4.76,203.54,23603.07,7.67,324.08,288.91,18.06,85.92,4.41,0
7.44,183.36,17259.85,4.61,335.63,453.00,9.70,80.54,2.50,0
8.05,200.94,12642.07,7.31,334.44,446.75,14.95,71.20,3.51,0
7.06,215.95,24991.77,9.14,321.47,431.42,12.95,64.03,4.30,0
7.61,222.25,25063.68,8.56,287.95,505.27,18.27,68.40,2.87,0
4.69,200.89,32182.26,8.57,364.75,516.85,12.40,85.03,2.73,0
8.06,209.84,8712.00,8.59,355.44,338.85,18.72,106.24,3.25,0
4.29,212.81,30434.27,8.63,333.48,382.92,15.78,39.78,2.80,0
9.09,238.22,9001.66,9.82,325.10,381.35,19.20,98.49,2.54,0
6.59,242.48,9381.24,7.30,312.81,440.60,14.03,70.93,3.06,0
8.99,195.81,23728.29,7.51,348.71,551.54,15.25,75.91,4.49,0
6.74,156.48,30950.68,6.54,363.18,425.29,11.65,70.37,5.21,0
6.49,213.07,34314.09,9.04,335.29,313.25,11.14,70.83,3.38,0
6.75,191.98,18222.93,3.92,296.20,389.74,9.69,92.22,5.10,0
8.30,198.20,17469.00,8.26,369.59,294.33,18.03,44.06,5.40,0
7.92,224.15,20012.17,9.01,302.39,421.89,22.19,72.73,4.76,0
8.78,218.03,16183.59,7.39,334.05,389.02,16.35,47.10,4.27,0
8.16,215.65,17068.30,8.77,319.25,459.54,14.19,60.37,2.96,0
7.69,230.34,7324.70,7.99,331.51,492.85,14.23,74.07,4.18,0
7.76,173.64,15548.42,5.02,330.39,520.64,11.15,87.48,3.26,0
5.09,159.96,39125.21,6.06,375.62,400.16,20.19,68.69,2.60,0
6.95,159.77,21895.29,4.49,337.27,482.60,10.66,78.76,3.17,0
9.52,204.08,17258.19,6.15,310.72,395.70,17.06,44.27,3.99,0
6.37,183.79,11619.71,6.04,343.83,362.78,16.64,73.26,2.61,0
7.10,207.54,22671.48,6.28,295.59,297.11,17.11,71.02,4.91,0
7.32,196.10,19534.42,6.66,297.84,418.08,17.16,69.47,2.98,0
5.20,173.12,11178.40,5.89,343.21,390.07,14.16,65.43,3.81,0
6.28,178.71,16950.02,7.87,370.33,388.55,10.97,74.61,3.02,0
6.82,146.13,13467.88,6.42,289.58,412.84,14.31,81.53,4.02,0
6.63,209.16,20487.92,7.28,332.88,524.88,20.75,60.24,3.16,0
10.30,199.61,11278.83,7.46,433.45,461.98,17.10,63.19,3.86,0
6.12,181.31,15135.13,5.82,293.84,391.61,11.59,61.95,5.46,0
6.85,165.82,6068.45,6.13,373.21,442.79,11.12,64.03,4.26,0
5.12,195.02,17279.51,7.03,336.47,446.71,4.86,72.84,3.50,0
3.43,185.34,22690.24,8.15,309.22,398.37,10.03,55.95,5.39,0
8.73,213.61,18862.67,8.67,324.03,396.23,20.06,96.59,4.57,0
8.17,192.39,19808.54,6.96,377.70,503.52,13.78,59.54,3.99,0
8.03,197.61,25204.67,6.50,330.55,490.82,15.11,89.80,2.45,0
7.89,203.30,16853.68,7.33,339.77,398.99,19.32,58.57,3.51,0
8.16,162.23,10494.57,8.09,423.95,487.32,16.01,69.98,4.13,0
6.87,184.25,14464.12,6.76,371.28,497.70,14.78,73.43,3.48,0
6.90,228.80,45939.69,9.56,377.81,392.38,13.87,66.98,3.82,0
5.33,196.03,24000.52,5.73,335.09,511.71,18.59,68.46,5.80,0
6.96,206.82,24036.59,7.69,356.63,552.27,8.57,88.62,4.76,0
6.85,177.83,16515.67,6.15,308.90,543.00,12.63,60.90,4.71,0
6.74,197.37,34702.42,5.87,261.07,390.05,17.76,91.38,4.38,0
5.50,184.43,26744.30,7.36,332.03,459.64,18.42,71.88,4.12,0
7.58,217.28,36343.41,8.53,375.96,393.88,17.44,77.72,3.64,0
6.39,220.42,21051.26,8.74,348.05,353.37,19.64,48.71,4.73,0
5.82,204.05,37174.01,7.87,329.02,466.78,13.99,96.83,4.37,0
5.51,212.56,27859.75,6.65,286.47,524.55,13.07,99.92,4.46,0
5.20,200.46,37200.24,7.40,311.79,573.14,17.24,74.95,3.30,0
7.07,207.36,22523.43,8.06,343.29,503.25,12.17,83.66,4.13,1
7.02,222.11,16351.23,7.84,353.19,420.14,8.84,66.54,5.25,1
6.04,150.67,13593.60,6.46,401.74,392.21,19.83,43.56,4.91,1
7.26,200.16,32595.12,7.57,324.55,489.27,12.31,45.69,3.97,1
6.79,306.63,28508.22,6.81,293.08,306.12,9.01,60.91,2.51,1
7.37,204.04,8524.87,9.47,429.81,328.57,11.17,88.89,3.68,1
8.84,195.83,11610.21,7.87,332.76,514.93,12.29,87.43,2.09,1
7.11,148.62,23688.21,7.00,339.11,259.96,17.22,56.04,4.02,1
5.29,194.06,21776.17,6.28,359.10,353.77,14.18,33.59,4.55,1
8.69,219.18,16559.88,8.88,355.30,545.23,7.28,73.33,4.69,1
7.00,219.14,16078.46,7.65,355.69,282.50,17.30,65.07,3.36,1
6.90,173.39,16616.52,6.35,329.34,337.44,12.45,60.16,4.49,1
9.92,196.60,37215.23,7.41,247.93,522.55,5.51,77.83,3.39,1
5.61,271.63,26955.33,6.77,296.65,443.87,17.05,72.83,3.35,1
7.71,191.69,19789.64,7.86,340.33,377.93,18.92,58.69,4.43,1
6.35,162.21,22337.45,6.87,379.61,337.08,11.71,65.97,3.71,1
7.96,184.83,26845.66,7.67,327.24,389.26,11.03,52.51,4.01,1
6.00,161.00,21111.66,4.34,301.31,384.75,9.26,71.00,4.18,1
6.39,159.17,21217.16,5.30,317.26,305.24,16.87,62.15,3.27,1
6.98,223.28,20287.36,5.27,282.09,377.00,14.05,67.63,2.37,1
6.35,218.55,18664.84,6.69,312.39,503.41,15.42,94.39,3.86,1
7.33,159.80,14884.34,9.19,411.10,404.20,17.38,51.15,2.88,1
6.95,225.23,6874.59,10.12,429.05,386.58,15.85,59.47,4.10,1
8.25,230.93,32898.75,7.02,280.67,364.93,17.05,69.78,4.28,1
6.90,258.53,35455.71,4.88,206.25,318.62,13.96,65.87,3.87,1
7.61,210.37,9583.71,8.51,371.47,325.68,11.78,86.51,5.55,1
7.30,143.43,46718.56,4.77,252.47,446.84,12.58,60.65,3.16,1
6.79,182.04,25661.36,6.94,352.34,419.90,11.84,71.44,4.26,1
6.69,200.40,37033.15,4.73,280.84,376.67,12.49,57.82,2.94,1
6.03,262.81,17150.10,9.38,380.30,514.55,20.64,76.53,4.08,1
6.72,218.06,17180.19,8.92,393.28,349.00,14.35,57.25,2.40,1
7.49,202.46,26551.37,7.12,312.93,306.35,18.00,67.36,4.35,1
6.34,106.38,15570.14,6.85,441.59,380.43,5.22,48.74,4.36,1
7.38,203.46,1372.09,11.13,475.74,361.34,16.55,55.13,3.34,1
7.26,196.65,44184.23,5.27,260.43,324.25,8.15,69.38,4.53,1
7.03,147.97,21226.67,7.34,387.40,421.10,14.00,51.17,4.75,1
7.61,183.84,29339.93,5.70,259.53,426.99,14.01,91.59,4.56,1
6.35,97.28,19743.15,3.40,305.43,502.92,15.09,86.55,4.53,1
7.32,230.34,24682.12,7.43,323.83,349.31,9.50,50.66,3.98,1
6.78,207.05,15228.91,6.18,321.40,523.24,12.68,86.17,4.26,1
6.64,168.90,36505.52,6.06,298.55,474.06,14.30,71.71,4.30,1
6.22,203.71,15597.64,7.75,361.25,452.92,14.60,70.85,4.15,1
6.63,192.52,36269.70,4.97,277.50,320.47,14.79,80.98,3.35,1
8.05,171.75,28338.66,6.39,319.01,496.91,16.19,91.12,3.77,1
8.42,208.33,28234.91,7.78,297.33,444.56,12.65,78.76,4.93,1
7.93,204.72,12732.89,7.72,331.09,449.69,15.67,55.40,4.53,1
8.94,215.67,56488.67,3.23,129.00,541.92,9.31,70.83,4.35,1
7.03,246.62,15428.45,7.57,305.62,516.22,17.53,91.60,3.93,1
6.82,237.27,24170.27,8.71,349.77,477.02,16.57,92.95,4.27,1
6.46,215.44,35775.79,6.50,307.56,365.09,8.13,77.55,3.54,1
6.23,169.93,22550.49,4.97,297.40,460.42,20.79,93.30,4.01,1
5.63,284.00,28315.44,7.14,318.47,425.98,11.81,67.65,5.11,1
6.19,231.32,29778.36,4.38,248.30,488.95,13.02,54.06,3.32,1
7.70,121.58,16978.93,6.81,354.25,368.22,13.00,69.26,3.40,1
5.65,219.34,22455.70,8.28,386.04,401.26,16.65,31.17,3.94,1
7.90,197.60,9407.66,9.61,400.27,270.79,11.30,53.20,4.89,1
6.01,184.56,15940.57,8.17,421.49,314.53,20.31,83.71,4.87,1
7.99,180.80,24712.99,5.69,287.57,434.95,8.64,84.58,3.15,1
7.57,213.43,11246.43,8.21,377.22,341.72,15.67,67.23,5.19,1
5.74,180.29,12683.48,7.91,423.88,415.01,12.39,83.71,2.74,1
5.99,186.72,28702.95,5.92,338.03,430.19,17.66,68.57,4.54,1
9.72,190.90,9076.65,9.75,357.38,443.04,13.31,62.83,4.07,1
6.98,175.42,35701.16,5.49,290.05,401.06,10.29,66.42,5.26,1
7.42,203.32,40148.12,5.60,256.59,401.78,9.03,53.02,4.49,1
6.51,226.42,16982.13,6.94,318.25,484.09,18.53,80.46,2.89,1
6.62,174.28,33245.63,7.02,326.17,479.92,15.92,60.34,4.60,1
6.77,178.33,16980.26,7.05,369.91,299.40,18.70,62.87,3.85,1
6.34,139.96,18058.32,8.36,417.60,347.46,13.31,58.22,4.02,1
7.06,191.55,16473.07,8.44,367.85,462.99,12.57,17.53,3.94,1
7.54,258.49,26999.38,7.00,266.80,352.20,14.65,59.16,5.43,1
6.04,227.03,12988.79,8.48,392.38,306.39,7.12,41.19,3.59,1
6.71,232.93,27881.50,7.88,337.11,443.21,14.52,64.12,4.37,1
6.76,218.15,22540.78,7.20,304.68,382.50,18.84,53.82,3.64,1
6.90,228.96,10836.97,7.79,362.30,513.19,12.70,40.55,4.14,0
7.85,224.06,23264.11,5.92,300.40,387.97,13.41,43.08,2.49,0
6.18,248.83,15391.56,8.01,273.09,487.63,9.70,69.70,3.70,0
6.76,209.36,13821.56,7.56,334.62,499.07,19.34,81.10,3.96,0
7.27,98.45,36490.14,7.14,423.19,502.88,7.36,76.29,4.95,0
6.98,164.13,17625.47,6.48,372.75,492.70,11.67,48.71,3.97,0
5.90,205.91,30379.36,9.45,312.28,512.34,6.31,55.07,3.86,0
7.26,189.08,21391.16,6.58,356.62,390.29,14.39,81.08,4.38,0
5.58,223.37,14553.13,9.69,234.61,252.97,12.25,59.52,4.29,0
5.47,197.03,12883.16,9.26,347.42,355.18,12.76,67.16,3.72,0
6.09,216.74,12558.90,9.30,317.98,409.43,10.75,30.97,2.94,0
8.21,145.80,17981.25,6.58,359.39,420.39,15.86,100.71,3.74,0
7.67,123.34,33843.62,5.22,390.75,462.97,18.70,82.90,3.93,0
6.79,209.13,20149.18,5.80,288.36,291.30,12.33,57.30,3.08,0
6.01,226.87,20279.70,8.17,225.52,275.99,9.65,52.64,4.03,0
6.34,214.07,14619.63,6.58,316.00,370.80,12.22,83.67,3.79,0
7.47,223.26,19932.59,5.77,317.71,590.33,13.56,89.45,3.88,0
7.38,237.92,16862.54,7.10,306.18,478.65,13.25,92.86,5.03,0
5.92,274.26,6967.74,10.07,247.65,321.24,12.09,39.45,2.59,0
6.12,151.69,15092.02,6.61,382.32,388.14,16.62,69.17,4.21,0
6.59,166.97,30210.25,9.51,340.25,430.08,23.23,72.80,4.28,0
6.34,157.05,21079.61,7.28,318.85,351.02,14.02,64.41,4.58,0
6.63,238.32,12829.09,7.35,331.30,451.73,19.64,73.20,4.36,0
5.37,238.29,16262.94,7.51,255.54,393.53,12.47,27.10,3.18,0
6.92,252.35,11086.26,9.99,285.74,368.63,17.12,43.67,3.28,0
7.97,173.75,26848.63,6.06,337.94,347.75,13.76,75.54,3.20,0
8.03,222.63,18134.84,8.75,314.47,452.97,12.07,78.55,3.34,0
7.73,169.05,38356.23,6.03,297.33,525.88,16.07,74.91,5.16,0
6.27,154.68,23050.33,6.83,290.70,421.22,13.88,65.89,3.39,0
7.37,155.64,19283.40,5.44,399.94,391.32,18.15,63.70,3.82,0
6.32,165.82,20481.64,7.61,354.29,422.34,14.79,46.04,2.73,0
7.29,205.21,26115.62,5.14,357.79,402.87,7.96,63.70,4.70,0
6.36,164.62,17538.54,8.35,345.14,430.96,15.33,47.02,3.42,0
7.97,160.22,29477.76,2.46,324.06,371.21,18.69,54.28,4.07,0
7.70,220.57,29432.21,6.36,322.75,444.96,13.03,77.83,3.79,0
6.05,228.20,10215.81,5.98,306.80,441.50,17.23,65.34,4.89,0
4.22,120.56,34370.20,7.96,411.58,436.77,14.40,64.60,4.28,0
7.75,182.06,13655.68,6.82,337.75,328.22,15.23,92.26,4.73,0
5.59,220.82,8730.31,8.32,300.22,412.71,6.48,80.64,3.17,0
8.65,178.59,18503.77,7.24,356.26,329.50,15.28,83.78,3.08,0
7.90,187.70,32210.82,5.00,320.53,400.15,19.87,46.91,4.45,0
5.95,136.89,28105.96,7.33,389.81,423.96,15.37,68.97,4.77,0
8.04,201.81,11861.55,7.20,300.40,420.55,7.17,90.76,3.22,0
4.31,191.12,12770.83,8.23,284.95,499.85,13.50,76.44,3.92,0
8.82,175.75,23173.32,6.73,367.15,552.07,7.73,91.44,3.86,0
7.48,246.18,27109.90,9.79,341.16,339.73,16.22,77.60,3.48,0
7.69,155.19,36578.22,7.69,405.17,536.89,16.21,77.58,4.04,0
8.93,188.05,22139.88,4.25,376.33,438.52,8.60,92.83,5.47,0
6.95,201.81,21709.65,6.12,352.30,417.18,19.68,49.24,4.00,0
6.45,275.75,8607.61,7.70,272.20,384.38,16.08,54.40,3.72,0
7.39,173.53,20185.68,9.12,384.12,310.07,23.32,81.13,3.78,0
8.36,218.14,28722.18,5.54,310.29,471.55,10.64,49.77,3.72,0
7.62,113.50,37279.13,6.36,377.88,285.35,17.03,48.93,3.78,0
5.40,258.90,10168.18,9.65,248.71,396.91,15.51,65.81,4.00,0
7.08,137.01,24282.15,5.71,433.63,342.73,9.11,88.33,5.55,0
7.16,238.33,13680.76,9.27,284.41,478.77,16.84,74.38,3.91,0
6.85,149.85,16203.09,5.73,375.72,350.34,11.72,75.50,4.94,0
7.31,244.84,22277.63,7.72,369.04,477.24,12.48,60.81,3.71,0
9.31,133.14,41982.61,6.63,417.25,267.80,10.37,75.44,4.49,0
6.19,249.53,12682.15,6.25,263.27,274.76,14.35,57.62,3.55,0
7.97,151.54,25274.61,7.11,352.32,527.69,15.79,52.27,3.39,0
9.26,160.43,19607.75,3.99,416.70,427.79,14.99,95.80,3.18,0
7.75,193.45,19019.28,8.11,377.99,597.49,8.94,45.72,3.76,0
8.18,201.55,21856.99,5.24,320.26,464.80,15.63,61.65,4.11,0
7.19,151.31,23781.33,9.21,403.79,465.13,16.88,77.52,4.27,0
7.79,257.66,17398.39,8.27,251.38,439.70,9.56,54.24,3.39,0
3.88,177.71,21937.47,7.37,299.24,447.30,12.45,63.16,4.93,0
3.98,160.82,14433.78,8.41,311.30,414.33,20.77,78.27,3.75,0
7.48,117.06,28357.94,4.70,414.86,472.06,18.34,76.34,3.71,0
4.48,236.28,26843.47,4.84,207.89,456.98,16.23,74.04,4.33,0
6.92,185.82,14682.67,9.89,341.07,560.79,22.47,64.40,2.88,0
6.90,110.87,32981.26,2.62,368.39,417.25,12.12,33.50,5.06,0
6.55,176.01,38368.01,7.42,278.09,291.12,19.42,81.37,5.93,0
6.58,217.54,24480.67,5.84,310.63,476.46,11.43,48.55,3.51,0
7.86,218.15,23045.73,7.43,349.92,414.37,14.79,72.61,3.59,0
6.14,151.78,20561.69,8.49,384.16,363.62,13.71,96.58,4.70,0
6.95,168.88,17540.03,6.41,387.30,372.02,15.20,74.01,2.60,0
6.20,214.85,29426.47,8.03,369.73,319.77,10.25,65.31,3.49,0
8.37,179.52,22022.63,5.22,339.49,396.70,13.70,110.43,2.79,0
5.92,200.94,17397.40,6.76,279.20,380.50,11.26,31.97,3.75,0
8.83,216.12,17732.91,7.86,377.25,301.90,16.21,64.41,4.42,0
6.83,164.27,14015.04,6.06,281.68,389.98,14.84,44.37,3.15,0
4.29,192.36,24600.76,8.26,261.36,475.88,10.80,53.62,5.11,0
9.68,188.37,26402.70,4.07,395.90,325.00,16.92,91.42,3.03,0
8.66,173.53,20333.08,5.64,439.79,459.63,16.28,89.92,5.12,0
5.90,172.03,30575.36,8.65,393.55,426.51,16.31,74.54,2.96,0
9.49,274.83,21879.70,5.27,364.68,581.08,13.64,62.12,3.19,1
7.08,185.83,39431.11,8.81,286.22,355.94,7.78,39.62,1.49,1
8.05,211.78,37086.55,8.27,251.44,512.90,19.17,73.25,3.30,1
7.04,229.60,12575.28,7.84,390.47,558.18,15.75,36.27,4.28,1
6.31,133.65,31062.37,6.98,252.11,381.06,17.20,71.18,3.60,1
6.88,214.73,20509.33,9.04,321.38,306.78,12.48,79.69,4.70,1
7.75,210.72,18857.06,5.69,376.48,375.67,14.71,43.30,5.13,1
7.92,201.46,39431.25,7.53,276.21,432.59,17.82,70.24,4.28,1
6.41,183.87,20526.31,8.45,366.18,548.64,13.45,69.05,4.53,1
7.80,239.28,27849.14,6.48,356.17,484.10,18.69,50.13,4.25,1
6.97,183.93,13401.04,6.46,371.79,433.24,14.58,66.03,4.89,1
6.62,195.87,13900.72,6.36,387.36,310.85,11.76,52.41,5.61,1
7.37,236.48,18998.35,7.40,359.93,357.07,18.02,58.27,3.46,1
6.94,198.48,16904.20,6.34,299.52,470.60,15.05,61.15,4.24,1
5.28,148.86,11130.21,6.82,335.66,485.81,13.77,60.94,3.99,1
7.36,231.79,29169.72,7.93,375.10,389.27,13.85,39.53,3.75,1
9.18,281.59,47852.89,8.33,314.78,422.32,9.97,64.07,2.96,1
6.51,223.86,15147.17,7.67,389.39,437.05,12.09,52.34,4.23,1
7.35,199.61,19073.26,5.77,336.99,413.21,12.48,56.79,4.30,1
8.11,217.27,38184.47,7.25,311.91,281.07,13.03,78.58,4.43,1
5.99,151.36,20155.43,7.72,275.08,478.33,18.02,99.06,3.76,1
6.43,177.25,20321.23,6.38,373.05,375.03,11.68,61.63,3.64,1
6.77,201.65,25887.63,9.37,327.62,519.38,17.72,90.06,5.20,1
7.93,224.72,27402.02,6.88,343.29,315.91,14.14,32.44,4.85,1
7.34,229.98,12603.40,5.98,351.32,370.86,19.39,79.97,4.02,1
7.08,198.41,16648.60,6.93,348.55,472.28,17.25,59.63,3.26,1
7.74,203.40,21403.00,7.62,333.21,424.33,16.95,48.42,3.61,1
7.56,223.23,14739.07,6.73,372.03,481.34,8.90,62.13,4.26,1
7.83,213.25,18821.39,6.48,316.57,405.28,16.87,55.91,3.55,1
6.75,154.33,25137.43,8.50,274.88,330.08,15.98,69.94,3.49,1
8.55,236.86,17828.29,4.75,341.04,423.11,15.31,80.93,3.04,1
7.28,165.80,30396.90,7.84,281.90,475.65,12.33,83.40,6.08,1
7.49,216.38,9465.32,4.95,341.46,501.35,11.25,52.95,3.75,1
5.23,127.12,7907.33,6.76,335.46,475.33,12.73,79.42,5.14,1
6.42,180.29,26034.53,9.71,308.96,473.06,17.72,57.60,3.14,1
7.67,205.60,11579.44,4.26,356.14,407.72,10.83,83.24,4.59,1
7.13,191.40,25227.55,6.61,319.25,419.30,12.87,78.47,4.51,1
6.50,159.18,13403.09,6.96,296.08,359.97,15.64,63.51,3.75,1
7.10,221.51,17240.02,9.18,322.62,442.54,16.58,78.12,4.79,1
6.99,197.69,12150.72,7.98,341.10,303.60,14.33,70.86,3.85,0
8.30,222.44,20320.11,7.32,297.14,374.12,15.78,93.45,4.17,0
3.85,211.76,14686.28,7.56,326.91,371.27,21.77,35.78,3.14,0
5.69,241.22,14083.83,5.74,293.47,498.28,24.76,70.73,2.99,0
7.30,177.66,23441.27,9.11,326.29,478.47,14.00,55.18,2.77,0
7.03,201.00,24510.51,5.82,401.27,371.62,12.85,89.19,4.42,0
5.29,234.27,26811.20,3.61,369.61,570.98,12.78,44.68,3.52,0
9.25,184.44,22749.18,7.40,375.01,436.49,15.40,44.79,4.00,0
6.74,196.83,23565.73,7.59,315.57,500.14,11.66,31.78,3.50,0
7.45,179.15,17763.31,9.88,328.46,364.13,12.98,49.05,2.95,0
10.15,242.15,24649.67,4.80,347.07,348.48,17.61,73.00,4.48,0
14.00,235.68,24008.99,5.64,381.10,460.75,13.45,72.86,3.17,0
5.84,194.62,17721.96,5.65,410.36,622.96,17.63,93.07,4.24,0
8.11,236.49,26631.21,6.27,275.09,496.99,18.59,58.31,2.65,0
5.59,143.51,22234.70,9.25,368.39,437.12,11.58,52.42,4.15,0
5.90,196.27,19399.22,7.64,328.27,324.05,18.51,77.16,3.82,0
10.28,249.32,23259.01,3.33,284.41,468.87,5.19,67.62,2.84,0
9.58,205.75,33080.59,5.66,356.70,333.07,16.98,68.91,3.42,0
7.09,139.91,18975.64,7.57,423.05,528.27,18.56,68.65,3.63,0
7.74,208.92,27648.16,5.62,332.82,397.06,12.49,73.18,5.02,0
7.25,223.70,24311.91,7.39,275.62,306.78,9.70,77.20,4.36,0
6.89,185.74,12218.10,8.02,350.66,394.44,17.06,86.63,4.10,0
6.05,230.59,20278.38,9.36,305.78,333.53,12.59,55.30,2.22,0
11.57,192.92,39234.47,8.86,236.00,463.44,19.63,81.50,3.76,0
10.16,194.30,28915.64,7.30,316.53,279.17,18.45,63.06,2.94,0
4.89,184.55,10922.54,7.46,352.83,338.68,21.62,91.01,3.59,0
9.03,156.27,24897.56,7.64,416.53,342.75,13.60,62.50,3.63,0
9.91,160.10,32130.00,6.11,405.30,541.22,11.55,46.08,5.55,0
4.23,207.67,21214.37,6.84,304.28,488.46,13.49,65.31,3.73,0
3.91,152.82,17857.72,7.36,324.38,342.41,7.64,75.20,3.20,0
8.16,195.21,27414.90,5.41,231.72,529.68,12.43,69.99,3.67,1
5.27,181.73,19015.47,9.01,446.72,390.01,11.10,63.83,4.06,1
7.47,212.82,16679.67,5.44,366.60,358.91,6.13,46.66,4.99,1
7.40,260.08,26730.64,8.08,361.11,376.48,17.85,101.47,3.08,1
5.54,200.71,21021.42,9.83,390.55,437.34,14.96,67.17,3.76,1
7.38,199.17,17181.01,6.60,388.03,357.37,16.95,75.89,4.01,1
9.32,317.34,24497.87,7.60,357.17,476.51,12.03,68.60,4.64,1
6.70,168.75,17176.88,6.39,330.67,404.93,10.83,52.11,4.18,1
5.55,182.64,27418.00,9.59,378.53,596.65,11.57,78.88,4.45,1
9.00,263.51,15379.91,6.47,355.01,561.69,22.05,61.51,3.98,1
9.13,266.74,9929.19,6.01,352.15,542.81,10.97,65.78,4.77,1
7.13,209.75,16701.57,7.46,320.50,404.70,18.95,92.35,3.91,1
7.17,199.16,13163.03,5.76,351.28,436.60,19.10,52.58,2.21,0
6.98,166.85,18622.44,6.61,353.34,333.97,12.53,48.46,3.53,0
9.87,114.37,27912.91,8.66,340.05,490.45,8.52,64.83,3.65,0
4.32,225.51,27163.46,6.89,325.93,446.34,17.15,43.39,4.08,0
4.23,201.45,13122.33,6.93,374.84,402.66,22.82,76.47,4.48,0
4.14,253.60,40626.85,7.75,265.47,432.51,19.13,61.52,3.17,0
2.93,260.46,39233.10,7.67,303.40,403.24,11.31,69.24,3.68,0
6.66,205.54,18844.04,6.73,363.40,555.90,8.01,66.93,3.87,0
7.01,219.92,26597.59,7.35,333.58,379.60,13.28,98.97,3.59,0
6.39,216.68,19323.68,5.91,283.21,358.17,14.98,41.59,4.42,0
6.09,162.28,23567.13,7.70,372.84,387.97,13.66,75.27,4.17,0
3.96,173.03,24028.41,8.01,391.00,444.79,19.95,59.83,4.09,0
4.28,229.44,26098.64,6.53,281.90,508.79,16.13,66.65,3.73,0
7.30,224.47,23565.18,7.55,280.13,487.33,8.52,68.94,3.43,0
10.89,177.73,25702.52,7.66,312.40,383.20,17.47,42.81,3.63,0
11.50,195.99,14158.16,7.24,311.97,357.52,19.32,82.35,3.13,0
5.81,195.51,43110.50,7.37,281.92,325.83,15.05,51.29,4.82,0
7.78,196.82,24789.35,6.55,331.04,372.76,12.07,14.34,5.05,0
6.32,187.03,32651.80,8.15,314.21,463.34,14.24,60.27,4.90,0
7.06,177.67,13129.15,7.31,367.33,393.74,16.36,53.84,4.49,0
4.85,186.68,32808.31,7.50,293.76,392.70,10.63,85.16,3.89,0
4.56,165.77,22939.14,7.99,352.79,323.78,13.56,79.32,4.12,0
9.13,209.74,11643.66,6.59,326.39,509.66,11.27,67.53,3.07,0
4.23,194.98,22185.76,7.12,377.85,355.82,14.86,62.02,3.52,0
5.57,189.73,26138.10,8.83,361.86,434.05,16.17,88.73,3.93,0
8.53,217.39,3413.08,5.67,337.63,615.61,14.93,82.59,2.65,0
8.90,194.22,13319.50,5.57,323.42,317.35,17.13,61.43,4.37,0
9.46,222.89,14450.18,6.79,293.75,433.15,9.07,67.91,3.32,0
11.50,186.13,12253.30,8.07,325.41,260.53,9.67,68.07,5.01,0
9.35,201.63,13749.60,7.33,322.04,512.45,12.43,43.83,3.62,0
10.34,163.28,21820.30,7.90,356.18,561.21,14.12,56.19,5.06,0
5.29,245.02,27733.71,7.14,238.84,464.07,13.45,55.64,3.31,0
7.62,179.60,30308.23,6.95,329.42,355.43,13.40,66.22,3.70,0
7.15,202.58,23158.39,6.07,302.00,301.98,17.62,42.29,3.79,0
8.65,154.55,15901.29,6.51,419.22,444.84,14.66,49.52,3.27,0
5.29,174.74,28697.00,8.61,317.02,480.68,13.75,52.48,3.53,0
5.37,170.84,27199.64,8.07,376.06,401.83,14.08,81.74,3.36,0
8.04,200.64,12999.14,6.70,356.87,394.02,11.10,43.63,3.02,0
8.55,206.52,10453.09,6.48,326.13,347.82,14.00,42.29,4.90,0
7.74,207.76,30412.37,7.81,289.41,273.70,19.11,52.28,3.65,0
7.10,201.63,18093.97,8.47,361.63,348.73,8.58,49.38,4.76,0
8.86,194.56,20231.52,6.52,332.35,476.23,17.89,52.91,4.58,0
7.40,184.84,19797.11,8.42,387.19,428.41,13.14,62.34,3.95,0
5.17,205.52,12871.55,7.10,365.68,501.19,20.56,77.12,3.45,0
5.47,191.81,36435.79,7.37,323.12,383.87,15.88,52.77,3.84,0
4.93,162.18,27771.08,7.76,317.94,493.30,14.26,77.14,1.45,0
6.26,188.06,33809.22,8.14,341.50,522.30,14.47,47.05,4.40,0
7.69,224.39,21856.15,7.04,275.27,404.82,12.85,63.15,2.75,0
5.62,194.46,16119.34,6.91,336.65,408.46,16.36,76.63,3.99,0
6.17,193.03,23006.24,8.10,340.25,297.11,13.48,78.33,3.62,0
5.04,194.40,19336.61,7.19,339.23,515.81,10.73,61.13,3.13,0
9.81,139.12,16819.42,7.79,361.03,438.18,10.95,34.54,5.54,0
8.86,181.67,17465.10,7.13,356.48,529.09,15.43,60.61,5.76,0
7.29,219.70,18085.50,6.01,277.33,406.56,16.14,53.68,3.50,0
9.07,164.67,20260.40,7.59,304.57,408.90,10.18,84.72,4.30,0
9.31,203.34,23087.22,6.44,297.57,373.04,16.40,79.16,3.09,0
7.99,200.13,17583.08,6.77,296.57,377.58,10.29,66.89,4.75,0
10.29,162.78,18869.21,6.91,344.19,585.68,18.86,74.29,3.50,0
3.99,216.08,40175.21,7.49,309.80,399.05,11.19,86.96,4.41,0
4.50,234.19,14080.83,6.34,296.31,382.41,17.35,59.00,4.96,0
5.62,226.99,27852.10,6.52,309.23,414.06,16.93,78.44,3.44,0
10.21,148.38,18413.10,7.41,390.62,410.57,15.10,89.18,4.11,0
8.56,198.89,8535.40,4.80,321.40,453.57,14.35,74.33,3.95,0
8.43,159.69,19576.53,7.66,344.15,390.69,17.75,53.63,4.24,0
10.23,225.92,9546.13,5.90,313.99,372.53,15.28,61.26,4.79,0
10.82,141.49,23989.99,7.96,389.39,361.63,14.91,57.16,3.59,0
5.09,251.31,30245.96,6.72,267.03,271.63,14.88,70.78,4.55,0
5.26,142.53,25556.05,6.60,416.26,443.76,7.49,72.88,5.10,0
6.97,185.91,27959.99,7.21,349.74,414.07,19.88,36.18,3.23,0
4.71,179.14,22291.42,6.77,407.42,371.26,18.19,86.53,3.86,0
5.23,176.71,27971.89,7.60,413.91,440.36,14.42,72.84,3.05,0
8.43,224.86,12833.46,6.18,327.53,411.85,17.40,72.92,3.82,1
6.85,234.94,24456.17,5.60,334.87,337.57,9.52,77.30,4.92,1
7.26,160.44,16129.71,8.09,328.45,478.52,12.81,43.59,3.95,1
7.78,233.76,16780.12,6.12,323.54,520.29,17.79,60.34,4.68,1
6.67,155.71,30610.05,8.17,337.17,425.69,15.10,79.78,4.90,1
4.96,215.85,9887.83,6.95,379.50,527.48,14.33,52.39,3.46,1
6.40,249.97,22057.05,4.89,375.49,334.27,14.15,97.03,3.96,1
8.14,153.75,50793.90,7.84,306.22,423.46,14.32,65.08,4.36,1
6.71,185.91,34558.40,6.55,360.51,303.97,10.23,50.21,4.68,1
4.34,207.36,34355.62,6.81,374.07,530.07,12.62,44.75,4.40,1
8.43,161.20,15904.24,8.42,300.12,480.00,15.30,71.48,3.63,1
7.27,197.66,27198.43,7.80,304.85,300.02,14.61,66.61,4.71,1
6.58,186.99,16700.03,6.45,379.04,405.28,15.00,62.15,3.81,1
8.65,188.71,13207.86,6.83,335.24,399.69,10.69,43.95,3.64,1
8.36,163.10,34989.05,7.70,317.30,404.49,8.27,67.60,4.37,1
6.66,216.56,25172.59,6.79,330.52,620.45,19.10,82.24,3.40,1
6.33,186.84,23073.06,8.08,326.98,233.91,9.64,60.94,5.16,1
6.97,162.70,24312.04,9.13,307.76,490.82,15.51,102.70,3.97,1
7.50,186.71,32000.18,7.64,315.97,473.53,12.05,43.28,4.31,1
8.58,153.71,19970.43,7.66,312.89,520.81,14.78,74.13,2.88,1
7.68,200.07,32000.84,7.63,290.74,583.61,16.84,39.37,3.30,1
7.23,207.83,22097.41,5.86,354.71,353.65,10.40,66.86,4.34,1
8.66,114.81,23514.64,8.74,333.03,318.64,16.56,52.87,2.90,1
6.36,198.91,13742.14,7.44,338.41,423.63,11.92,57.71,2.71,1
10.49,136.58,32872.38,8.40,276.92,416.19,18.88,60.08,4.67,1
6.70,207.32,17246.92,7.71,304.51,329.27,16.22,28.88,3.44,1
11.49,94.81,37188.83,9.26,258.93,439.89,16.17,41.56,4.37,1
6.07,186.66,26138.78,7.75,345.70,415.89,12.07,60.42,3.67,1
4.67,193.68,47580.99,7.17,359.95,526.42,13.89,66.69,4.44,1